{"loss": 3.9470021724700928, "c_loss": 2.0070440769195557, "m_loss": 5.886960506439209, "R@1": 0.6569885212694125, "R@2": 0.7711006076975017, "R@4": 0.8556718433490884, "R@8": 0.9194800810263336, "R@16": 0.9571235651586766, "R@32": 0.9788993923024983, "_runtime": 1863, "_timestamp": 1639843359, "_step": 34}