{"loss": 4.476434230804443, "c_loss": 0.0, "m_loss": 4.476434230804443, "R@1": 0.7137069547602971, "R@2": 0.8116137744767049, "R@4": 0.887575962187711, "R@8": 0.9339972991222147, "R@16": 0.9643821742066172, "R@32": 0.9834571235651587, "_runtime": 1847, "_timestamp": 1639900891, "_step": 34}