{"loss": 4.476199626922607, "c_loss": 0.0, "m_loss": 4.476199626922607, "R@1": 0.7135381498987171, "R@2": 0.8111073598919649, "R@4": 0.8853814989871708, "R@8": 0.9356853477380148, "R@16": 0.9642133693450371, "R@32": 0.9826130992572586, "_runtime": 1856, "_timestamp": 1639847864, "_step": 34}