{"loss": 3.4865024089813232, "c_loss": 1.6568470001220703, "m_loss": 5.31615686416626, "R@1": 0.6850101282916948, "R@2": 0.7965901417960837, "R@4": 0.8744091829844699, "R@8": 0.9270762997974341, "R@16": 0.9608372721134368, "R@32": 0.9792370020256583, "_runtime": 1782, "_timestamp": 1639847341, "_step": 34}