{"loss": 4.588291645050049, "c_loss": 0.0, "m_loss": 4.588291645050049, "R@1": 0.7056043214044565, "R@2": 0.8114449696151249, "R@4": 0.8825118163403106, "R@8": 0.9316340310600946, "R@16": 0.9569547602970966, "R@32": 0.9792370020256583, "_runtime": 1869, "_timestamp": 1639899528, "_step": 34}