{"loss": 2.7383997440338135, "c_loss": 0.0, "m_loss": 2.7383997440338135, "R@1": 0.6281228899392303, "R@2": 0.736664415935179, "R@4": 0.8239365293720459, "R@8": 0.8917960837272113, "R@16": 0.9343349088453747, "R@32": 0.9606684672518568, "_runtime": 1857, "_timestamp": 1639839438, "_step": 34}