{"loss": 4.635747909545898, "c_loss": 0.0, "m_loss": 4.635747909545898, "R@1": 0.7037474679270763, "R@2": 0.8011478730587441, "R@4": 0.8757596218771101, "R@8": 0.925725860904794, "R@16": 0.9596556380823767, "R@32": 0.9809250506414585, "_runtime": 1764, "_timestamp": 1639887892, "_step": 34}