{"loss": 4.302072048187256, "c_loss": 0.0, "m_loss": 4.302072048187256, "R@1": 0.7108372721134368, "R@2": 0.8087440918298447, "R@4": 0.8799797434166104, "R@8": 0.9301147873058744, "R@16": 0.9616812964213369, "R@32": 0.9804186360567184, "_runtime": 1769, "_timestamp": 1639844567, "_step": 34}