{"loss": 9.45742416381836, "c_loss": 0.0, "m_loss": 9.45742416381836, "R@1": 0.3099257258609048, "R@2": 0.4267386900742741, "R@4": 0.5455773126266037, "R@8": 0.6709993247805537, "R@16": 0.7840985820391627, "R@32": 0.8801485482781904, "_runtime": 165, "_timestamp": 1639913624, "_step": 2}