{"loss": 4.303634166717529, "c_loss": 0.0, "m_loss": 4.303634166717529, "R@1": 0.713031735313977, "R@2": 0.8107697501688048, "R@4": 0.8811613774476705, "R@8": 0.9311276164753545, "R@16": 0.9610060769750168, "R@32": 0.9800810263335584, "_runtime": 1780, "_timestamp": 1639854745, "_step": 34}