{"loss": 4.3073554039001465, "c_loss": 0.0, "m_loss": 4.3073554039001465, "R@1": 0.712694125590817, "R@2": 0.8079000675219447, "R@4": 0.8813301823092505, "R@8": 0.9302835921674544, "R@16": 0.9604996623902768, "R@32": 0.9812626603646185, "_runtime": 1804, "_timestamp": 1639902703, "_step": 34}