{"loss": 3.636051893234253, "c_loss": 1.760921597480774, "m_loss": 5.5111823081970215, "R@1": 0.6833220796758946, "R@2": 0.7898379473328832, "R@4": 0.87457798784605, "R@8": 0.9307900067521945, "R@16": 0.9618501012829169, "R@32": 0.9795746117488183, "_runtime": 1867, "_timestamp": 1639852175, "_step": 34}