{"loss": 4.668954372406006, "c_loss": 0.0, "m_loss": 4.668954372406006, "R@1": 0.7044226873733963, "R@2": 0.8031735313977042, "R@4": 0.8821742066171506, "R@8": 0.9292707629979743, "R@16": 0.962187711006077, "R@32": 0.9805874409182984, "_runtime": 1808, "_timestamp": 1639889707, "_step": 34}