{"loss": 4.591064929962158, "c_loss": 0.0, "m_loss": 4.591064929962158, "R@1": 0.713200540175557, "R@2": 0.8085752869682646, "R@4": 0.8850438892640108, "R@8": 0.9319716407832546, "R@16": 0.9643821742066172, "R@32": 0.9816002700877785, "_runtime": 1824, "_timestamp": 1639895875, "_step": 34}