{"loss": 4.497923374176025, "c_loss": 0.0, "m_loss": 4.497923374176025, "R@1": 0.7056043214044565, "R@2": 0.8116137744767049, "R@4": 0.8826806212018906, "R@8": 0.9316340310600946, "R@16": 0.9611748818365969, "R@32": 0.9783929777177582, "_runtime": 1869, "_timestamp": 1639852957, "_step": 34}