{"loss": 4.676763534545898, "c_loss": 0.0, "m_loss": 4.676763534545898, "R@1": 0.6890614449696151, "R@2": 0.7986158001350439, "R@4": 0.8739027683997299, "R@8": 0.9272451046590142, "R@16": 0.9610060769750168, "R@32": 0.9792370020256583, "_runtime": 1842, "_timestamp": 1639860235, "_step": 34}