{"loss": 4.407529354095459, "c_loss": 0.0, "m_loss": 4.407529354095459, "R@1": 0.7104996623902768, "R@2": 0.8106009453072248, "R@4": 0.8808237677245104, "R@8": 0.9296083727211344, "R@16": 0.9608372721134368, "R@32": 0.9797434166103984, "_runtime": 1768, "_timestamp": 1639897651, "_step": 34}