{"loss": 5.590144634246826, "c_loss": 0.0, "m_loss": 5.590144634246826, "R@1": 0.599763673193788, "R@2": 0.7179270762997975, "R@4": 0.8138082376772451, "R@8": 0.8917960837272113, "R@16": 0.9388926401080351, "R@32": 0.9702903443619176, "_runtime": 1945, "_timestamp": 1639915607, "_step": 34}