{"loss": 4.495840549468994, "c_loss": 0.0, "m_loss": 4.495840549468994, "R@1": 0.7039162727886563, "R@2": 0.8106009453072248, "R@4": 0.8841998649561107, "R@8": 0.9306212018906145, "R@16": 0.9606684672518568, "R@32": 0.9785617825793382, "_runtime": 1902, "_timestamp": 1639904612, "_step": 34}