{"loss": 2.439371109008789, "c_loss": 1.419395089149475, "m_loss": 3.4593474864959717, "R@1": 0.636900742741391, "R@2": 0.7506752194463201, "R@4": 0.8355840648210668, "R@8": 0.8971978392977717, "R@16": 0.9380486158001351, "R@32": 0.9635381498987171, "_runtime": 1892, "_timestamp": 1639838176, "_step": 34}