{"loss": 4.703768253326416, "c_loss": 0.0, "m_loss": 4.703768253326416, "R@1": 0.6220459149223497, "R@2": 0.7442606347062796, "R@4": 0.8445307224848075, "R@8": 0.9085077650236327, "R@16": 0.949864956110736, "R@32": 0.9760297096556381, "_runtime": 1753, "_timestamp": 1639886120, "_step": 34}