{"loss": 4.637923717498779, "c_loss": 0.0, "m_loss": 4.637923717498779, "R@1": 0.699358541525996, "R@2": 0.800303848750844, "R@4": 0.8769412559081702, "R@8": 0.9285955435516543, "R@16": 0.9599932478055369, "R@32": 0.9804186360567184, "_runtime": 1799, "_timestamp": 1639858383, "_step": 34}