{"loss": 3.3148269653320312, "c_loss": 1.7487398386001587, "m_loss": 4.880914688110352, "R@1": 0.6942943956785955, "R@2": 0.799291019581364, "R@4": 0.8742403781228899, "R@8": 0.925725860904794, "R@16": 0.9562795408507765, "R@32": 0.9782241728561782, "_runtime": 1789, "_timestamp": 1639840616, "_step": 34}