{"loss": 4.788882732391357, "c_loss": 0.0, "m_loss": 4.788882732391357, "R@1": 0.700708980418636, "R@2": 0.8080688723835247, "R@4": 0.8836934503713707, "R@8": 0.9296083727211344, "R@16": 0.962525320729237, "R@32": 0.9809250506414585, "_runtime": 820, "_timestamp": 1639913634, "_step": 15}