{"loss": 4.448572635650635, "c_loss": 0.0, "m_loss": 4.448572635650635, "R@1": 0.700708980418636, "R@2": 0.8048615800135044, "R@4": 0.8796421336934503, "R@8": 0.9348413234301148, "R@16": 0.962694125590817, "R@32": 0.9800810263335584, "_runtime": 1823, "_timestamp": 1639856576, "_step": 34}